{
	"Format": "1.14.0",
	
	"ConfigSchema": {
	//Language Option (true = English, false = Korean)
	
		"cursorLanguage":{"AllowValues": "true, false",
						 "Default": "true"},
						 
		"townInteriorLanguage": {"AllowValues": "true, false",
							   "Default": "true"},
							   
	},
	
	"Changes": [
	//Event 
		{
			"Action": "EditImage",
			"PatchMode": "Overlay",
			"Target": "LooseSprites/Cursors",
			"FromFile": "assets/Event/Cursors.png",
				"When": { "cursorLanguage": "true"},
		},

		{
			"Action": "EditImage",
			"PatchMode": "Overlay",
			"Target": "LooseSprites/Cursors",
			"FromFile": "assets/Event/Cursors.ko-KR.png",
				"When": { "cursorLanguage": "false"},
		},
	
	//Map
		{
			"Action": "EditImage",
			"PatchMode": "Overlay",
			"Target": "Map",
			"FromFile": "assets/Map/townInterior.png",
				"When": { "townInteriorLanguage": "true"},
		},
		
		{
			"Action": "EditImage",
			"PatchMode": "Overlay",
			"Target": "Map",
			"FromFile": "assets/Map/townInterior.ko-KR.png",
				"When": { "cursorLanguage": "false"},
		},
	//Character Sprites

		{	"Action": "Load",
			"Target": "Characters/ClothesTherapyCharacters",
			"FromFile": "assets/Characters/ClothesTherapyCharacters.png",
		},
		
		{	"Action": "Load",
			"Target": "Characters/Abigail",
			"FromFile": "assets/Characters/Abigail.png",
		},
		
		{	"Action": "Load",
			"Target": "Characters/Alex",
			"FromFile": "assets/Characters/Alex.png",
		},
		
		{	"Action": "Load",
			"Target": "Characters/Bouncer",
			"FromFile": "assets/Characters/Bouncer.png",
		},
		
		{	"Action": "Load",
			"Target": "Characters/Caroline",
			"FromFile": "assets/Characters/Caroline.png",
		},
		
		{	"Action": "Load",
			"Target": "Characters/Clint",
			"FromFile": "assets/Characters/Clint.png",
		},
		
		{	"Action": "Load",
			"Target": "Characters/Demetrius",
			"FromFile": "assets/Characters/Demetrius.png",
		},
		
		{	"Action": "Load",
			"Target": "Characters/Dwarf",
			"FromFile": "assets/Characters/Dwarf.png",
		},
		
		{	"Action": "Load",
			"Target": "Characters/Elliott",
			"FromFile": "assets/Characters/Elliott.png",
		},
		
		{	"Action": "Load",
			"Target": "Characters/Evelyn",
			"FromFile": "assets/Characters/Evelyn.png",
		},
		
		{	"Action": "Load",
			"Target": "Characters/Emily",
			"FromFile": "assets/Characters/Emily.png",
		},
		
		{	"Action": "Load",
			"Target": "Characters/George",
			"FromFile": "assets/Characters/George.png",
		},
		
		{	"Action": "Load",
			"Target": "Characters/Governor",
			"FromFile": "assets/Characters/Governor.png",
		},
		
		{	"Action": "Load",
			"Target": "Characters/Gunther",
			"FromFile": "assets/Characters/Gunther.png",
		},
		
		{	"Action": "Load",
			"Target": "Characters/Gus",
			"FromFile": "assets/Characters/Gus.png",
		},
				
		{	"Action": "Load",
			"Target": "Characters/Haley",
			"FromFile": "assets/Characters/Haley.png",
		},
		
		{	"Action": "Load",
			"Target": "Characters/Harvey",
			"FromFile": "assets/Characters/Harvey.png",
		},
		
		{	"Action": "Load",
			"Target": "Characters/Henchman",
			"FromFile": "assets/Characters/Henchman.png",
		},
				
		{	"Action": "Load",
			"Target": "Characters/Jas",
			"FromFile": "assets/Characters/Jas.png",
		},
		
		{	"Action": "Load",
			"Target": "Characters/Jodi",
			"FromFile": "assets/Characters/Jodi.png",
		},
		
		{	"Action": "Load",
			"Target": "Characters/Kent",
			"FromFile": "assets/Characters/Kent.png",
		},
		
		{	"Action": "Load",
			"Target": "Characters/Krobus",
			"FromFile": "assets/Characters/Krobus.png",
		},
		
		{	"Action": "Load",
			"Target": "Characters/Krobus_Trenchcoat",
			"FromFile": "assets/Characters/Krobus_Trenchcoat.png",
		},
		
		{	"Action": "Load",
			"Target": "Characters/Leah",
			"FromFile": "assets/Characters/Leah.png",
		},
		
		{	"Action": "Load",
			"Target": "Characters/Lewis",
			"FromFile": "assets/Characters/Lewis.png",
		},
		
		{	"Action": "Load",
			"Target": "Characters/Linus",
			"FromFile": "assets/Characters/Linus.png",
		},
		
		{	"Action": "Load",
			"Target": "Characters/Marlon",
			"FromFile": "assets/Characters/Marlon.png",
		},
		
		{	"Action": "Load",
			"Target": "Characters/Marnie",
			"FromFile": "assets/Characters/Marnie.png",
		},
		
		{	"Action": "Load",
			"Target": "Characters/Maru",
			"FromFile": "assets/Characters/Maru.png",
		},
		
		{	"Action": "Load",
			"Target": "Characters/Maru_Hospital",
			"FromFile": "assets/Characters/Maru_Hospital.png",
		},
		
		{	"Action": "Load",
			"Target": "Characters/Morris",
			"FromFile": "assets/Characters/Morris.png",
		},
		
		{	"Action": "Load",
			"Target": "Characters/MrQi",
			"FromFile": "assets/Characters/MrQi.png",
		},
		
		{	"Action": "Load",
			"Target": "Characters/Pam",
			"FromFile": "assets/Characters/Pam.png",
		},
		
		{	"Action": "Load",
			"Target": "Characters/Penny",
			"FromFile": "assets/Characters/Penny.png",
		},
		
		{	"Action": "Load",
			"Target": "Characters/Pierre",
			"FromFile": "assets/Characters/Pierre.png",
		},
		
		{	"Action": "Load",
			"Target": "Characters/Robin",
			"FromFile": "assets/Characters/Robin.png",
		},
		
		{	"Action": "Load",
			"Target": "Characters/Sam",
			"FromFile": "assets/Characters/Sam.png",
		},
		
		{	"Action": "Load",
			"Target": "Characters/Sandy",
			"FromFile": "assets/Characters/Sandy.png",
		},
		
		{	"Action": "Load",
			"Target": "Characters/SeaMonsterKrobus",
			"FromFile": "assets/Characters/SeaMonsterKrobus.png",
		},
		
		{	"Action": "Load",
			"Target": "Characters/Sebastian",
			"FromFile": "assets/Characters/Sebastian.png",
		},
		
		{	"Action": "Load",
			"Target": "Characters/Shane",
			"FromFile": "assets/Characters/Shane.png",
		},
		
		{	"Action": "Load",
			"Target": "Characters/Shane_JojaMart",
			"FromFile": "assets/Characters/Shane_JojaMart.png",
		},
		
		{	"Action": "Load",
			"Target": "Characters/Vincent",
			"FromFile": "assets/Characters/Vincent.png",
		},
		
		{	"Action": "Load",
			"Target": "Characters/Willy",
			"FromFile": "assets/Characters/Willy.png",
		},
		
		{	"Action": "Load",
			"Target": "Characters/Wizard",
			"FromFile": "assets/Characters/Wizard.png",
		},

	//Portraits
	
		{	"Action": "Load",
			"Target": "Portraits/Abigail",
			"FromFile": "assets/Portraits/Abigail.png",
		},
		
		{	"Action": "Load",
			"Target": "Portraits/Alex",
			"FromFile": "assets/Portraits/Alex.png",
		},
		
		{	"Action": "Load",
			"Target": "Portraits/Bouncer",
			"FromFile": "assets/Portraits/Bouncer.png",
		},
		
		{	"Action": "Load",
			"Target": "Portraits/Caroline",
			"FromFile": "assets/Portraits/Caroline.png",
		},
		
		{	"Action": "Load",
			"Target": "Portraits/Clint",
			"FromFile": "assets/Portraits/Clint.png",
		},
		
		{	"Action": "Load",
			"Target": "Portraits/Demetrius",
			"FromFile": "assets/Portraits/Demetrius.png",
		},
		
		{	"Action": "Load",
			"Target": "Portraits/Dwarf",
			"FromFile": "assets/Portraits/Dwarf.png",
		},
		
		{	"Action": "Load",
			"Target": "Portraits/Elliott",
			"FromFile": "assets/Portraits/Elliott.png",
		},
		
		{	"Action": "Load",
			"Target": "Portraits/Evelyn",
			"FromFile": "assets/Portraits/Evelyn.png",
		},
		
		{	"Action": "Load",
			"Target": "Portraits/Emily",
			"FromFile": "assets/Portraits/Emily.png",
		},
		
		{	"Action": "Load",
			"Target": "Portraits/George",
			"FromFile": "assets/Portraits/George.png",
		},
		
		{	"Action": "Load",
			"Target": "Portraits/Gil",
			"FromFile": "assets/Portraits/Gil.png",
		},
		
		{	"Action": "Load",
			"Target": "Portraits/Governor",
			"FromFile": "assets/Portraits/Governor.png",
		},
		
		{	"Action": "Load",
			"Target": "Portraits/Grandpa",
			"FromFile": "assets/Portraits/Grandpa.png",
		},
		
		{	"Action": "Load",
			"Target": "Portraits/Gunther",
			"FromFile": "assets/Portraits/Gunther.png",
		},
		
		{	"Action": "Load",
			"Target": "Portraits/Gus",
			"FromFile": "assets/Portraits/Gus.png",
		},
				
		{	"Action": "Load",
			"Target": "Portraits/Haley",
			"FromFile": "assets/Portraits/Haley.png",
		},
		
		{	"Action": "Load",
			"Target": "Portraits/Harvey",
			"FromFile": "assets/Portraits/Harvey.png",
		},
		
		{	"Action": "Load",
			"Target": "Portraits/Henchman",
			"FromFile": "assets/Portraits/Henchman.png",
		},
				
		{	"Action": "Load",
			"Target": "Portraits/Jas",
			"FromFile": "assets/Portraits/Jas.png",
		},
		
		{	"Action": "Load",
			"Target": "Portraits/Jodi",
			"FromFile": "assets/Portraits/Jodi.png",
		},
		
		{	"Action": "Load",
			"Target": "Portraits/Kent",
			"FromFile": "assets/Portraits/Kent.png",
		},
		
		{	"Action": "Load",
			"Target": "Portraits/Krobus",
			"FromFile": "assets/Portraits/Krobus.png",
		},
		
		{	"Action": "Load",
			"Target": "Portraits/Leah",
			"FromFile": "assets/Portraits/Leah.png",
		},
		
		{	"Action": "Load",
			"Target": "Portraits/Lewis",
			"FromFile": "assets/Portraits/Lewis.png",
		},
		
		{	"Action": "Load",
			"Target": "Portraits/Linus",
			"FromFile": "assets/Portraits/Linus.png",
		},
		
		{	"Action": "Load",
			"Target": "Portraits/Marlon",
			"FromFile": "assets/Portraits/Marlon.png",
		},
		
		{	"Action": "Load",
			"Target": "Portraits/Marnie",
			"FromFile": "assets/Portraits/Marnie.png",
		},
		
		{	"Action": "Load",
			"Target": "Portraits/Maru",
			"FromFile": "assets/Portraits/Maru.png",
		},
		
		{	"Action": "Load",
			"Target": "Portraits/Maru_Hospital",
			"FromFile": "assets/Portraits/Maru_Hospital.png",
		},
		
		{	"Action": "Load",
			"Target": "Portraits/Morris",
			"FromFile": "assets/Portraits/Morris.png",
		},
		
		{	"Action": "Load",
			"Target": "Portraits/MrQi",
			"FromFile": "assets/Portraits/MrQi.png",
		},
		
		{	"Action": "Load",
			"Target": "Portraits/Pam",
			"FromFile": "assets/Portraits/Pam.png",
		},
		
		{	"Action": "Load",
			"Target": "Portraits/Penny",
			"FromFile": "assets/Portraits/Penny.png",
		},
		
		{	"Action": "Load",
			"Target": "Portraits/Pierre",
			"FromFile": "assets/Portraits/Pierre.png",
		},
		
		{	"Action": "Load",
			"Target": "Portraits/Robin",
			"FromFile": "assets/Portraits/Robin.png",
		},
		
		{	"Action": "Load",
			"Target": "Portraits/Sam",
			"FromFile": "assets/Portraits/Sam.png",
		},
		
		{	"Action": "Load",
			"Target": "Portraits/Sandy",
			"FromFile": "assets/Portraits/Sandy.png",
		},
		
		{	"Action": "Load",
			"Target": "Portraits/Sebastian",
			"FromFile": "assets/Portraits/Sebastian.png",
		},
		
		{	"Action": "Load",
			"Target": "Portraits/Shane",
			"FromFile": "assets/Portraits/Shane.png",
		},
		
		{	"Action": "Load",
			"Target": "Portraits/Vincent",
			"FromFile": "assets/Portraits/Vincent.png",
		},
		
		{	"Action": "Load",
			"Target": "Portraits/Willy",
			"FromFile": "assets/Portraits/Willy.png",
		},
		
		{	"Action": "Load",
			"Target": "Portraits/Wizard",
			"FromFile": "assets/Portraits/Wizard.png",
		},
	]
}